time_ms,temp_C,tec_pwm,pump_pwm,mode,setpoint,created
7380000,19.31,64,180,MODE3,20.0,2026-06-04T10:48:05.894213
7385000,19.31,64,180,MODE3,20.0,2026-06-04T10:48:10.892501
7390000,19.31,64,180,MODE3,20.0,2026-06-04T10:48:15.891637
7395000,19.31,64,180,MODE3,20.0,2026-06-04T10:48:20.892850
7400000,19.31,64,180,MODE3,20.0,2026-06-04T10:48:25.890357
7405000,19.31,64,180,MODE3,20.0,2026-06-04T10:48:30.891725
7410000,19.25,64,180,MODE3,20.0,2026-06-04T10:48:35.890539
7415000,19.31,64,180,MODE3,20.0,2026-06-04T10:48:40.891064
7420000,19.25,64,180,MODE3,20.0,2026-06-04T10:48:45.889404
7425000,19.25,64,180,MODE3,20.0,2026-06-04T10:48:50.891412
7430000,19.25,64,180,MODE3,20.0,2026-06-04T10:48:55.890996
7435000,19.25,64,180,MODE3,20.0,2026-06-04T10:49:00.892946
7440000,19.25,64,180,MODE3,20.0,2026-06-04T10:49:05.890305
7445000,19.25,64,180,MODE3,20.0,2026-06-04T10:49:10.891484
7450000,19.25,64,180,MODE3,20.0,2026-06-04T10:49:15.890893
7455000,19.25,64,180,MODE3,20.0,2026-06-04T10:49:20.888565
7460000,19.25,64,180,MODE3,20.0,2026-06-04T10:49:25.889326
7465000,19.25,64,180,MODE3,20.0,2026-06-04T10:49:30.891228
7470000,19.25,64,180,MODE3,20.0,2026-06-04T10:49:35.888196
7475000,19.25,64,180,MODE3,20.0,2026-06-04T10:49:40.889331
7480000,19.25,64,180,MODE3,20.0,2026-06-04T10:49:45.888223
7485000,19.25,64,180,MODE3,20.0,2026-06-04T10:49:50.888983
7490000,19.25,64,180,MODE3,20.0,2026-06-04T10:49:55.887583
7495000,19.25,64,180,MODE3,20.0,2026-06-04T10:50:00.891508
7500000,19.25,64,180,MODE3,20.0,2026-06-04T10:50:05.888527
7505000,19.25,64,180,MODE3,20.0,2026-06-04T10:50:10.886963
7510000,19.19,64,180,MODE3,20.0,2026-06-04T10:50:15.888011
7515000,19.25,64,180,MODE3,20.0,2026-06-04T10:50:20.887616
7520000,19.25,64,180,MODE3,20.0,2026-06-04T10:50:25.886514
7525000,19.19,64,180,MODE3,20.0,2026-06-04T10:50:30.887885
7530000,19.19,64,180,MODE3,20.0,2026-06-04T10:50:35.886188
7535000,19.19,64,180,MODE3,20.0,2026-06-04T10:50:40.887610
7540000,19.19,64,180,MODE3,20.0,2026-06-04T10:50:45.886164
7545000,19.19,64,180,MODE3,20.0,2026-06-04T10:50:50.887569
7550000,19.19,64,180,MODE3,20.0,2026-06-04T10:50:55.890159
7555000,19.19,64,180,MODE3,20.0,2026-06-04T10:51:00.885798
7560000,19.19,64,180,MODE3,20.0,2026-06-04T10:51:05.886715
7565000,19.19,64,180,MODE3,20.0,2026-06-04T10:51:10.885618
7570000,19.19,64,180,MODE3,20.0,2026-06-04T10:51:15.886252
7575000,19.19,64,180,MODE3,20.0,2026-06-04T10:51:20.885012
7580000,19.19,64,180,MODE3,20.0,2026-06-04T10:51:25.885803
7585000,19.19,64,180,MODE3,20.0,2026-06-04T10:51:30.886172
7590000,19.19,64,180,MODE3,20.0,2026-06-04T10:51:35.884913
7595000,19.19,64,180,MODE3,20.0,2026-06-04T10:51:40.889698
7600000,19.19,64,180,MODE3,20.0,2026-06-04T10:51:45.886917
7605000,19.19,64,180,MODE3,20.0,2026-06-04T10:51:50.885763
7610000,19.19,64,180,MODE3,20.0,2026-06-04T10:51:55.889257
7615000,19.19,64,180,MODE3,20.0,2026-06-04T10:52:00.886452
7620000,19.19,64,180,MODE3,20.0,2026-06-04T10:52:05.885128
7625000,19.19,64,180,MODE3,20.0,2026-06-04T10:52:10.884361
7630000,19.12,64,180,MODE3,20.0,2026-06-04T10:52:15.885080
7635000,19.19,64,180,MODE3,20.0,2026-06-04T10:52:20.884323
7640000,19.12,64,180,MODE3,20.0,2026-06-04T10:52:25.883526
7645000,19.19,64,180,MODE3,20.0,2026-06-04T10:52:31.622990
7650000,19.12,64,180,MODE3,20.0,2026-06-04T10:52:35.985917
7655000,19.12,64,180,MODE3,20.0,2026-06-04T10:52:40.883673
7660000,19.12,64,180,MODE3,20.0,2026-06-04T10:52:45.883009
7665000,19.12,64,180,MODE3,20.0,2026-06-04T10:52:50.886092
7670000,19.12,64,180,MODE3,20.0,2026-06-04T10:52:55.883884
7675000,19.12,64,180,MODE3,20.0,2026-06-04T10:53:00.882205
7680000,19.12,64,180,MODE3,20.0,2026-06-04T10:53:05.883454
7685000,19.12,64,180,MODE3,20.0,2026-06-04T10:53:10.882217
7690000,19.12,64,180,MODE3,20.0,2026-06-04T10:53:15.883031
7695000,19.12,64,180,MODE3,20.0,2026-06-04T10:53:20.884752
7700000,19.12,64,180,MODE3,20.0,2026-06-04T10:53:25.881553
7705000,19.12,64,180,MODE3,20.0,2026-06-04T10:53:30.886407
7710000,19.12,64,180,MODE3,20.0,2026-06-04T10:53:35.898900
7715000,19.12,64,180,MODE3,20.0,2026-06-04T10:53:40.894416
7720000,19.12,64,180,MODE3,20.0,2026-06-04T10:53:45.904702
7725000,19.12,64,180,MODE3,20.0,2026-06-04T10:53:50.900270
7730000,19.12,64,180,MODE3,20.0,2026-06-04T10:53:55.884247
7735000,19.12,64,180,MODE3,20.0,2026-06-04T10:54:00.882600
7740000,19.12,64,180,MODE3,20.0,2026-06-04T10:54:05.881478
7745000,19.12,64,180,MODE3,20.0,2026-06-04T10:54:10.880169
7750000,19.12,64,180,MODE3,20.0,2026-06-04T10:54:15.881462
7755000,19.12,64,180,MODE3,20.0,2026-06-04T10:54:20.881012
7760000,19.12,64,180,MODE3,20.0,2026-06-04T10:54:25.879969
7765000,19.12,64,180,MODE3,20.0,2026-06-04T10:54:30.880949
7770000,19.06,64,180,MODE3,20.0,2026-06-04T10:54:35.879664
7775000,19.06,64,180,MODE3,20.0,2026-06-04T10:54:40.880598
7780000,19.06,64,180,MODE3,20.0,2026-06-04T10:54:45.882117
7785000,19.06,64,180,MODE3,20.0,2026-06-04T10:54:50.880499
7790000,19.06,64,180,MODE3,20.0,2026-06-04T10:54:55.892229
7795000,19.06,64,180,MODE3,20.0,2026-06-04T10:55:00.878873
7800000,19.06,64,180,MODE3,20.0,2026-06-04T10:55:05.880187
7805000,19.06,64,180,MODE3,20.0,2026-06-04T10:55:10.878367
7810000,19.06,64,180,MODE3,20.0,2026-06-04T10:55:15.880014
7815000,19.06,64,180,MODE3,20.0,2026-06-04T10:55:20.879512
7820000,19.06,64,180,MODE3,20.0,2026-06-04T10:55:25.878044
7825000,19.06,64,180,MODE3,20.0,2026-06-04T10:55:30.879010
7830000,19.06,64,180,MODE3,20.0,2026-06-04T10:55:35.880062
7835000,19.06,64,180,MODE3,20.0,2026-06-04T10:55:40.879020
7840000,19.06,64,180,MODE3,20.0,2026-06-04T10:55:45.884416
10580000,18.62,64,180,MODE3,21.0,2026-06-04T11:41:25.805910
10585000,18.62,64,128,STABILIZE,21.0,2026-06-04T11:41:30.802152
10590000,18.62,64,128,STABILIZE,21.0,2026-06-04T11:41:35.802892
10595000,18.62,64,180,MODE3,21.0,2026-06-04T11:41:40.804107
10600000,18.62,64,180,MODE3,21.0,2026-06-04T11:41:45.801621
10605000,18.62,64,180,MODE3,21.0,2026-06-04T11:41:50.800264
10610000,18.62,64,180,MODE3,21.0,2026-06-04T11:41:55.804013
10615000,18.62,64,180,MODE3,21.0,2026-06-04T11:42:00.799734
10620000,18.62,64,180,MODE3,21.0,2026-06-04T11:42:05.801890
10625000,18.62,64,180,MODE3,21.0,2026-06-04T11:42:10.802781
10630000,18.62,64,180,MODE3,21.0,2026-06-04T11:42:15.805165
10635000,18.62,64,180,MODE3,21.0,2026-06-04T11:42:20.803221
10640000,18.62,64,180,MODE3,21.0,2026-06-04T11:42:25.799028
10645000,18.62,64,180,MODE3,21.0,2026-06-04T11:42:30.803584
10650000,18.62,64,180,MODE3,21.0,2026-06-04T11:42:35.799403
10655000,18.62,64,180,MODE3,21.0,2026-06-04T11:42:40.800014
10760000,18.62,64,128,STABILIZE,21.0,2026-06-04T11:44:25.806891
10765000,18.62,64,128,STABILIZE,21.0,2026-06-04T11:44:30.799018
10770000,18.62,64,75,MODE3,17.5,2026-06-04T11:44:35.797966
10775000,18.62,64,75,MODE3,17.5,2026-06-04T11:44:40.800900
10780000,18.62,64,75,MODE3,17.5,2026-06-04T11:44:45.796635
10785000,18.62,64,75,MODE3,17.5,2026-06-04T11:44:50.795989
10790000,18.62,64,75,MODE3,17.5,2026-06-04T11:44:55.796326
10795000,18.62,64,75,MODE3,17.5,2026-06-04T11:45:00.794598
10800000,18.62,64,75,MODE3,17.5,2026-06-04T11:45:05.795941
10805000,18.62,64,75,MODE3,17.5,2026-06-04T11:45:10.803418
10810000,18.62,64,75,MODE3,17.5,2026-06-04T11:45:15.800919
10815000,18.62,64,75,MODE3,17.5,2026-06-04T11:45:20.796018
10820000,18.62,64,75,MODE3,17.5,2026-06-04T11:45:25.794001
10825000,18.62,64,75,MODE3,17.5,2026-06-04T11:45:30.795701
10830000,18.62,64,75,MODE3,17.5,2026-06-04T11:45:35.800737
10835000,18.62,64,75,MODE3,17.5,2026-06-04T11:45:40.813132
10840000,18.62,64,75,MODE3,17.5,2026-06-04T11:45:45.794980
10845000,18.62,64,75,MODE3,17.5,2026-06-04T11:45:50.799574
10850000,18.56,64,75,MODE3,17.5,2026-06-04T11:45:55.794588
10855000,18.56,64,75,MODE3,17.5,2026-06-04T11:46:00.795624
10860000,18.56,64,75,MODE3,17.5,2026-06-04T11:46:05.794464
10865000,18.56,64,75,MODE3,17.5,2026-06-04T11:46:10.799657
10870000,18.56,64,75,MODE3,17.5,2026-06-04T11:46:15.792789
10875000,18.56,64,75,MODE3,17.5,2026-06-04T11:46:20.795995
10880000,18.56,64,75,MODE3,17.5,2026-06-04T11:46:25.792359
10885000,18.56,64,75,MODE3,17.5,2026-06-04T11:46:30.793993
10890000,18.56,64,75,MODE3,17.5,2026-06-04T11:46:35.796565
10895000,18.56,64,75,MODE3,17.5,2026-06-04T11:46:40.795329
10900000,18.56,64,75,MODE3,17.5,2026-06-04T11:46:45.795006
10905000,18.56,64,75,MODE3,17.5,2026-06-04T11:46:50.791527
10910000,18.56,64,75,MODE3,17.5,2026-06-04T11:46:55.793157
10915000,18.56,64,75,MODE3,17.5,2026-06-04T11:47:00.791420
10920000,18.56,64,75,MODE3,17.5,2026-06-04T11:47:05.801155
10925000,18.56,64,75,MODE3,17.5,2026-06-04T11:47:10.796267
10930000,18.5,64,75,MODE3,17.5,2026-06-04T11:47:15.791369
10935000,18.5,64,75,MODE3,17.5,2026-06-04T11:47:20.792305
10940000,18.56,64,75,MODE3,17.5,2026-06-04T11:47:25.790781
10945000,18.5,64,75,MODE3,17.5,2026-06-04T11:47:30.792564
10950000,18.5,64,75,MODE3,17.5,2026-06-04T11:47:35.791677
10955000,18.5,64,75,MODE3,17.5,2026-06-04T11:47:40.794292
10960000,18.5,64,75,MODE3,17.5,2026-06-04T11:47:45.791454
10965000,18.5,64,75,MODE3,17.5,2026-06-04T11:47:50.795482
10970000,18.5,64,75,MODE3,17.5,2026-06-04T11:47:55.791984
10975000,18.5,64,75,MODE3,17.5,2026-06-04T11:48:00.792366
10980000,18.5,64,75,MODE3,17.5,2026-06-04T11:48:05.790887
10985000,18.5,64,75,MODE3,17.5,2026-06-04T11:48:10.790856
10990000,18.5,64,75,MODE3,17.5,2026-06-04T11:48:15.790713
10995000,18.5,64,75,MODE3,17.5,2026-06-04T11:48:20.789979
11000000,18.5,64,75,MODE3,17.5,2026-06-04T11:48:25.792364
11005000,18.5,64,75,MODE3,17.5,2026-06-04T11:48:30.796163
11010000,18.5,64,75,MODE3,17.5,2026-06-04T11:48:35.790608
11015000,18.5,64,75,MODE3,17.5,2026-06-04T11:48:40.790073
11020000,18.5,64,75,MODE3,17.5,2026-06-04T11:48:45.790491
11025000,18.5,64,75,MODE3,17.5,2026-06-04T11:48:50.788289
11030000,18.44,64,75,MODE3,17.5,2026-06-04T11:48:55.789416
11035000,18.44,64,75,MODE3,17.5,2026-06-04T11:49:00.795734
11040000,18.44,64,75,MODE3,17.5,2026-06-04T11:49:05.793590
11045000,18.44,64,75,MODE3,17.5,2026-06-04T11:49:10.831185
11050000,18.44,64,75,MODE3,17.5,2026-06-04T11:49:15.787808
11055000,18.44,64,75,MODE3,17.5,2026-06-04T11:49:20.791365
11060000,18.44,64,75,MODE3,17.5,2026-06-04T11:49:25.787828
11065000,18.44,64,75,MODE3,17.5,2026-06-04T11:49:30.788512
11070000,18.44,64,75,MODE3,17.5,2026-06-04T11:49:35.787442
11075000,18.44,64,75,MODE3,17.5,2026-06-04T11:49:40.790050
11080000,18.44,64,75,MODE3,17.5,2026-06-04T11:49:45.788738
11085000,18.44,64,75,MODE3,17.5,2026-06-04T11:49:50.786531
11090000,18.44,64,75,MODE3,17.5,2026-06-04T11:49:55.788107
11095000,18.44,64,75,MODE3,17.5,2026-06-04T11:50:00.789570
11100000,18.44,64,75,MODE3,17.5,2026-06-04T11:50:05.787980
11105000,18.44,64,75,MODE3,17.5,2026-06-04T11:50:10.789049
11110000,18.44,64,75,MODE3,17.5,2026-06-04T11:50:15.785890
11115000,18.44,64,75,MODE3,17.5,2026-06-04T11:50:20.788634
11120000,18.37,64,75,MODE3,17.5,2026-06-04T11:50:25.789115
11125000,18.37,64,75,MODE3,17.5,2026-06-04T11:50:30.788401
11130000,18.37,64,75,MODE3,17.5,2026-06-04T11:50:35.785492
11135000,18.37,64,75,MODE3,17.5,2026-06-04T11:50:40.793119
11140000,18.37,64,75,MODE3,17.5,2026-06-04T11:50:45.785404
11145000,18.37,64,75,MODE3,17.5,2026-06-04T11:50:50.785175
11150000,18.37,64,75,MODE3,17.5,2026-06-04T11:50:55.793075
11155000,18.37,64,75,MODE3,17.5,2026-06-04T11:51:00.785461
11160000,18.37,64,75,MODE3,17.5,2026-06-04T11:51:05.790555
11165000,18.37,64,75,MODE3,17.5,2026-06-04T11:51:10.785898
11170000,18.37,64,75,MODE3,17.5,2026-06-04T11:51:15.784032
11175000,18.37,64,75,MODE3,17.5,2026-06-04T11:51:20.785805
11180000,18.37,64,75,MODE3,17.5,2026-06-04T11:51:25.784395
11185000,18.37,64,75,MODE3,17.5,2026-06-04T11:51:30.786085
11190000,18.37,64,75,MODE3,17.5,2026-06-04T11:51:35.784436
11195000,18.37,64,75,MODE3,17.5,2026-06-04T11:51:40.784932
11200000,18.37,64,75,MODE3,17.5,2026-06-04T11:51:45.784570
11205000,18.37,64,75,MODE3,17.5,2026-06-04T11:51:50.787395
11210000,18.37,64,75,MODE3,17.5,2026-06-04T11:51:55.784851
11215000,18.37,64,75,MODE3,17.5,2026-06-04T11:52:00.784035
11220000,18.31,64,77,MODE3,17.5,2026-06-04T11:52:05.784816
11225000,18.37,64,75,MODE3,17.5,2026-06-04T11:52:10.784001
11230000,18.31,64,77,MODE3,17.5,2026-06-04T11:52:15.782800
11235000,18.37,64,75,MODE3,17.5,2026-06-04T11:52:20.788381
11240000,18.31,64,77,MODE3,17.5,2026-06-04T11:52:25.782212
11245000,18.31,64,77,MODE3,17.5,2026-06-04T11:52:30.783923
11250000,18.31,64,76,MODE3,17.5,2026-06-04T11:52:35.784779
11255000,18.31,64,76,MODE3,17.5,2026-06-04T11:52:40.788718
11260000,18.31,64,76,MODE3,17.5,2026-06-04T11:52:45.785013
11265000,18.31,64,76,MODE3,17.5,2026-06-04T11:52:50.788996
11270000,18.31,64,76,MODE3,17.5,2026-06-04T11:52:55.782638
11275000,18.31,64,75,MODE3,17.5,2026-06-04T11:53:00.782947
11280000,18.31,64,75,MODE3,17.5,2026-06-04T11:53:05.783038
11285000,18.31,64,75,MODE3,17.5,2026-06-04T11:53:10.782079
11290000,18.31,64,75,MODE3,17.5,2026-06-04T11:53:15.781098
11295000,18.31,64,75,MODE3,17.5,2026-06-04T11:53:20.792857
11300000,18.31,64,75,MODE3,17.5,2026-06-04T11:53:25.782546
11305000,18.31,64,75,MODE3,17.5,2026-06-04T11:53:30.781981
11310000,18.31,64,75,MODE3,17.5,2026-06-04T11:53:35.784010
11315000,18.31,64,75,MODE3,17.5,2026-06-04T11:53:40.783960
11320000,18.31,64,75,MODE3,17.5,2026-06-04T11:53:45.783822
11325000,18.31,64,75,MODE3,17.5,2026-06-04T11:53:50.780170
11330000,18.31,64,75,MODE3,17.5,2026-06-04T11:53:55.781885
11335000,18.31,64,75,MODE3,17.5,2026-06-04T11:54:00.781075
11340000,18.31,64,75,MODE3,17.5,2026-06-04T11:54:05.781905
11345000,18.25,64,81,MODE3,17.5,2026-06-04T11:54:10.780645
11350000,18.25,64,81,MODE3,17.5,2026-06-04T11:54:15.779922
11355000,18.25,64,81,MODE3,17.5,2026-06-04T11:54:20.780120
11360000,18.25,64,80,MODE3,17.5,2026-06-04T11:54:25.778881
11365000,18.25,64,80,MODE3,17.5,2026-06-04T11:54:30.782082
11370000,18.25,64,80,MODE3,17.5,2026-06-04T11:54:35.782145
11375000,18.25,64,80,MODE3,17.5,2026-06-04T11:54:40.779577
11380000,18.25,64,80,MODE3,17.5,2026-06-04T11:54:45.788746
11385000,18.25,64,79,MODE3,17.5,2026-06-04T11:54:50.780408
11390000,18.25,64,79,MODE3,17.5,2026-06-04T11:54:55.779979
11395000,18.25,64,79,MODE3,17.5,2026-06-04T11:55:00.779061
11400000,18.25,64,79,MODE3,17.5,2026-06-04T11:55:05.780083
11405000,18.25,64,79,MODE3,17.5,2026-06-04T11:55:10.778293
11410000,18.25,64,78,MODE3,17.5,2026-06-04T11:55:15.777631
11415000,18.25,64,78,MODE3,17.5,2026-06-04T11:55:20.782399
11420000,18.25,64,78,MODE3,17.5,2026-06-04T11:55:25.782944
11425000,18.25,64,78,MODE3,17.5,2026-06-04T11:55:30.780555
11430000,18.25,64,78,MODE3,17.5,2026-06-04T11:55:35.778076
11435000,18.25,64,78,MODE3,17.5,2026-06-04T11:55:40.781201
11440000,18.25,64,77,MODE3,17.5,2026-06-04T11:55:45.778518
11445000,18.19,64,84,MODE3,17.5,2026-06-04T11:55:50.779471
11450000,18.25,64,77,MODE3,17.5,2026-06-04T11:55:55.777773
11455000,18.25,64,77,MODE3,17.5,2026-06-04T11:56:00.777468
11460000,18.19,64,83,MODE3,17.5,2026-06-04T11:56:05.777543
11465000,18.19,64,83,MODE3,17.5,2026-06-04T11:56:10.780019
11470000,18.19,64,83,MODE3,17.5,2026-06-04T11:56:15.778104
11475000,18.19,64,83,MODE3,17.5,2026-06-04T11:56:20.777083
11480000,18.19,64,82,MODE3,17.5,2026-06-04T11:56:25.775408
11485000,18.19,64,82,MODE3,17.5,2026-06-04T11:56:30.777081
11490000,18.19,64,82,MODE3,17.5,2026-06-04T11:56:35.779233
11495000,18.19,64,82,MODE3,17.5,2026-06-04T11:56:40.781365
11500000,18.19,64,82,MODE3,17.5,2026-06-04T11:56:45.776425
11505000,18.19,64,81,MODE3,17.5,2026-06-04T11:56:50.777445
11510000,18.19,64,81,MODE3,17.5,2026-06-04T11:56:55.776069
11515000,18.19,64,81,MODE3,17.5,2026-06-04T11:57:00.774610
11520000,18.19,64,81,MODE3,17.5,2026-06-04T11:57:05.777383
11525000,18.19,64,81,MODE3,17.5,2026-06-04T11:57:10.774508
11530000,18.19,64,81,MODE3,17.5,2026-06-04T11:57:15.774737
11535000,18.19,64,80,MODE3,17.5,2026-06-04T11:57:20.777790
11540000,18.12,64,87,MODE3,17.5,2026-06-04T11:57:25.773899
11545000,18.19,64,80,MODE3,17.5,2026-06-04T11:57:30.776776
11550000,18.19,64,80,MODE3,17.5,2026-06-04T11:57:35.773706
11555000,18.19,64,80,MODE3,17.5,2026-06-04T11:57:40.774740
11560000,18.19,64,80,MODE3,17.5,2026-06-04T11:57:45.773617
11565000,18.19,64,79,MODE3,17.5,2026-06-04T11:57:50.774558
11570000,18.19,64,79,MODE3,17.5,2026-06-04T11:57:55.777092
11575000,18.19,64,79,MODE3,17.5,2026-06-04T11:58:00.784141
11580000,18.12,64,85,MODE3,17.5,2026-06-04T11:58:05.776334
11585000,18.12,64,85,MODE3,17.5,2026-06-04T11:58:10.773127
11590000,18.12,64,85,MODE3,17.5,2026-06-04T11:58:15.774280
11595000,18.12,64,85,MODE3,17.5,2026-06-04T11:58:20.773611
11600000,18.12,64,85,MODE3,17.5,2026-06-04T11:58:25.772569
11605000,18.12,64,85,MODE3,17.5,2026-06-04T11:58:30.773476
11610000,18.12,64,84,MODE3,17.5,2026-06-04T11:58:35.777358
11615000,18.12,64,84,MODE3,17.5,2026-06-04T11:58:40.773107
11620000,18.12,64,84,MODE3,17.5,2026-06-04T11:58:45.771742
11625000,18.12,64,84,MODE3,17.5,2026-06-04T11:58:50.771990
11630000,18.12,64,84,MODE3,17.5,2026-06-04T11:58:55.775546
11635000,18.12,64,84,MODE3,17.5,2026-06-04T11:59:00.769878
11640000,18.12,64,83,MODE3,17.5,2026-06-04T11:59:05.772579
11645000,18.12,64,83,MODE3,17.5,2026-06-04T11:59:10.771318
11650000,18.12,64,83,MODE3,17.5,2026-06-04T11:59:15.775608
11655000,18.12,64,83,MODE3,17.5,2026-06-04T11:59:20.771885
11660000,18.12,64,83,MODE3,17.5,2026-06-04T11:59:25.770925
11665000,18.12,64,83,MODE3,17.5,2026-06-04T11:59:30.771613
11670000,18.12,64,82,MODE3,17.5,2026-06-04T11:59:35.771080
11675000,18.12,64,82,MODE3,17.5,2026-06-04T11:59:40.770477
11680000,18.12,64,82,MODE3,17.5,2026-06-04T11:59:45.769323
11685000,18.12,64,82,MODE3,17.5,2026-06-04T11:59:50.772668
11690000,18.12,64,82,MODE3,17.5,2026-06-04T11:59:55.771094
11695000,18.06,64,88,MODE3,17.5,2026-06-04T12:00:00.769603
11700000,18.12,64,81,MODE3,17.5,2026-06-04T12:00:05.770871
11705000,18.06,64,88,MODE3,17.5,2026-06-04T12:00:10.769778
11710000,18.06,64,88,MODE3,17.5,2026-06-04T12:00:15.771337
11715000,18.06,64,88,MODE3,17.5,2026-06-04T12:00:20.770276
11720000,18.06,64,87,MODE3,17.5,2026-06-04T12:00:25.769935
11725000,18.06,64,87,MODE3,17.5,2026-06-04T12:00:30.774868
11730000,18.06,64,87,MODE3,17.5,2026-06-04T12:00:35.769915
11735000,18.06,64,87,MODE3,17.5,2026-06-04T12:00:40.769708
11740000,18.06,64,87,MODE3,17.5,2026-06-04T12:00:45.768805
11745000,18.06,64,87,MODE3,17.5,2026-06-04T12:00:50.769414
11750000,18.06,64,87,MODE3,17.5,2026-06-04T12:00:55.769296
11755000,18.06,64,86,MODE3,17.5,2026-06-04T12:01:00.775955
11760000,18.06,64,86,MODE3,17.5,2026-06-04T12:01:05.769553
11765000,18.06,64,86,MODE3,17.5,2026-06-04T12:01:10.772941
11770000,18.06,64,86,MODE3,17.5,2026-06-04T12:01:15.769162
11775000,18.06,64,86,MODE3,17.5,2026-06-04T12:01:20.772469
11780000,18.06,64,86,MODE3,17.5,2026-06-04T12:01:25.770619
11785000,18.06,64,86,MODE3,17.5,2026-06-04T12:01:30.768538
11790000,18.06,64,85,MODE3,17.5,2026-06-04T12:01:35.768635
11795000,18.06,64,85,MODE3,17.5,2026-06-04T12:01:40.768794
11800000,18.06,64,85,MODE3,17.5,2026-06-04T12:01:45.767754
11805000,18.06,64,85,MODE3,17.5,2026-06-04T12:01:50.774322
11810000,18.0,64,91,MODE3,17.5,2026-06-04T12:01:55.768041
11815000,18.06,64,85,MODE3,17.5,2026-06-04T12:02:00.767058
11820000,18.06,64,85,MODE3,17.5,2026-06-04T12:02:05.770345
11825000,18.0,64,91,MODE3,17.5,2026-06-04T12:02:10.766008
11830000,18.06,64,84,MODE3,17.5,2026-06-04T12:02:15.769495
11835000,18.06,64,84,MODE3,17.5,2026-06-04T12:02:20.765856
11840000,18.0,64,90,MODE3,17.5,2026-06-04T12:02:25.772135
11975000,17.94,64,128,STABILIZE,21.0,2026-06-04T12:04:40.781498
11980000,17.94,64,128,STABILIZE,21.0,2026-06-04T12:04:45.763344
11985000,17.94,64,128,STABILIZE,21.0,2026-06-04T12:04:50.769720
11990000,17.94,64,128,STABILIZE,21.0,2026-06-04T12:04:55.769248
11995000,17.94,80,80,MODE1,21.0,2026-06-04T12:05:00.762932
12000000,17.94,80,80,MODE1,21.0,2026-06-04T12:05:05.762852
12005000,17.94,80,80,MODE1,21.0,2026-06-04T12:05:10.761988
12010000,17.94,80,80,MODE1,21.0,2026-06-04T12:05:15.762144
12015000,17.94,80,80,MODE1,21.0,2026-06-04T12:05:20.761673
12020000,17.94,80,80,MODE1,21.0,2026-06-04T12:05:25.762973
12207106,18.0,64,128,STABILIZE,21.0,2026-06-04T12:08:32.876874
12212106,18.5,64,128,STABILIZE,21.0,2026-06-04T12:08:37.862043
12217106,18.75,64,128,STABILIZE,21.0,2026-06-04T12:08:42.860927
12317106,19.06,64,128,STABILIZE,21.0,2026-06-04T12:10:22.859193
12322106,19.37,64,128,STABILIZE,21.0,2026-06-04T12:10:27.861436
12327106,19.5,64,128,STABILIZE,21.0,2026-06-04T12:10:32.863891
12332106,19.56,64,128,STABILIZE,21.0,2026-06-04T12:10:37.858489
12337106,19.62,64,128,STABILIZE,21.0,2026-06-04T12:10:42.859305
12342106,19.62,64,128,STABILIZE,21.0,2026-06-04T12:10:47.862034
12347106,19.62,64,128,STABILIZE,21.0,2026-06-04T12:10:52.861174
12352106,19.62,64,128,STABILIZE,21.0,2026-06-04T12:10:57.858252
12357106,19.62,64,128,STABILIZE,21.0,2026-06-04T12:11:02.858331
12362106,19.62,64,124,MODE3,19.0,2026-06-04T12:11:07.858092
12367106,19.62,64,75,MODE3,18.0,2026-06-04T12:11:12.858106
12372106,19.62,64,75,MODE3,18.0,2026-06-04T12:11:17.862465
12377106,19.56,64,75,MODE3,18.0,2026-06-04T12:11:22.872863
12382106,19.56,64,75,MODE3,18.0,2026-06-04T12:11:27.859560
12387106,19.56,64,75,MODE3,18.0,2026-06-04T12:11:32.859185
12392106,19.56,64,75,MODE3,18.0,2026-06-04T12:11:37.858636
12397106,19.56,64,75,MODE3,18.0,2026-06-04T12:11:42.856770
12402106,19.5,64,75,MODE3,18.0,2026-06-04T12:11:47.859392
12407106,19.5,64,75,MODE3,18.0,2026-06-04T12:11:52.856314
12412106,19.5,64,75,MODE3,18.0,2026-06-04T12:11:57.860889
12417106,19.5,64,75,MODE3,18.0,2026-06-04T12:12:02.866252
12422106,19.5,64,75,MODE3,18.0,2026-06-04T12:12:07.858464
12427106,19.44,64,75,MODE3,18.0,2026-06-04T12:12:12.855988
12432106,19.44,64,75,MODE3,18.0,2026-06-04T12:12:17.856079
12437106,19.44,64,75,MODE3,18.0,2026-06-04T12:12:22.855899
12442106,19.44,64,75,MODE3,18.0,2026-06-04T12:12:27.856625
12447106,19.44,64,75,MODE3,18.0,2026-06-04T12:12:32.856682
12452106,19.37,64,75,MODE3,18.0,2026-06-04T12:12:37.855008
12457106,19.37,64,75,MODE3,18.0,2026-06-04T12:12:42.859192
12462106,19.37,64,75,MODE3,18.0,2026-06-04T12:12:47.859225
12467106,19.37,64,75,MODE3,18.0,2026-06-04T12:12:52.857071
12472106,19.37,64,75,MODE3,18.0,2026-06-04T12:12:57.857047
12477106,19.37,64,75,MODE3,18.0,2026-06-04T12:13:02.854761
12482106,19.37,64,75,MODE3,18.0,2026-06-04T12:13:07.854702
12487106,19.31,64,75,MODE3,18.0,2026-06-04T12:13:12.854606
12492106,19.31,64,75,MODE3,18.0,2026-06-04T12:13:17.860941
12497106,19.31,64,75,MODE3,18.0,2026-06-04T12:13:22.854313
12502106,19.31,64,75,MODE3,18.0,2026-06-04T12:13:27.853943
12507106,19.31,64,75,MODE3,18.0,2026-06-04T12:13:32.855891
12512106,19.25,64,75,MODE3,18.0,2026-06-04T12:13:37.853763
12517106,19.25,64,75,MODE3,18.0,2026-06-04T12:13:42.853838
12522106,19.25,64,75,MODE3,18.0,2026-06-04T12:13:47.853247
12527106,19.25,64,75,MODE3,18.0,2026-06-04T12:13:52.853553
12532106,19.25,64,75,MODE3,18.0,2026-06-04T12:13:57.855847
12537106,19.25,64,75,MODE3,18.0,2026-06-04T12:14:02.853486
12542106,19.25,64,75,MODE3,18.0,2026-06-04T12:14:07.857429
12547106,19.19,64,75,MODE3,18.0,2026-06-04T12:14:12.853760
12552106,19.19,64,75,MODE3,18.0,2026-06-04T12:14:17.855125
12557106,19.19,64,75,MODE3,18.0,2026-06-04T12:14:22.852859
12562106,19.19,64,75,MODE3,18.0,2026-06-04T12:14:27.865910
12567106,19.19,64,75,MODE3,18.0,2026-06-04T12:14:32.854736
12572106,19.19,64,75,MODE3,18.0,2026-06-04T12:14:37.853090
12577106,19.12,64,75,MODE3,18.0,2026-06-04T12:14:42.857073
12582106,19.12,64,75,MODE3,18.0,2026-06-04T12:14:47.852709
12587106,19.12,64,75,MODE3,18.0,2026-06-04T12:14:52.851946
12592106,19.12,64,75,MODE3,18.0,2026-06-04T12:14:57.853391
12597106,19.12,64,75,MODE3,18.0,2026-06-04T12:15:02.852158
12602106,19.12,64,75,MODE3,18.0,2026-06-04T12:15:07.852007
12607106,19.12,64,75,MODE3,18.0,2026-06-04T12:15:12.861973
12612106,19.12,64,75,MODE3,18.0,2026-06-04T12:15:17.862645
12617106,19.06,64,75,MODE3,18.0,2026-06-04T12:15:22.853445
12622106,19.06,64,75,MODE3,18.0,2026-06-04T12:15:27.851816
12627106,19.06,64,75,MODE3,18.0,2026-06-04T12:15:32.860280
12632106,19.06,64,75,MODE3,18.0,2026-06-04T12:15:37.851099
12637106,19.06,64,75,MODE3,18.0,2026-06-04T12:15:42.851072
12642106,19.06,64,75,MODE3,18.0,2026-06-04T12:15:47.851938
12647106,19.0,64,75,MODE3,18.0,2026-06-04T12:15:52.851172
12652106,19.06,64,75,MODE3,18.0,2026-06-04T12:15:57.849962
12657106,19.0,64,75,MODE3,18.0,2026-06-04T12:16:02.850394
12662106,19.0,64,75,MODE3,18.0,2026-06-04T12:16:07.852065
12667106,19.0,64,75,MODE3,18.0,2026-06-04T12:16:12.850445
12672106,19.0,64,75,MODE3,18.0,2026-06-04T12:16:17.848835
12677106,19.0,64,75,MODE3,18.0,2026-06-04T12:16:22.849433
12682106,19.0,64,75,MODE3,18.0,2026-06-04T12:16:27.855848
12687106,19.0,64,75,MODE3,18.0,2026-06-04T12:16:32.857774
12692106,18.94,64,75,MODE3,18.0,2026-06-04T12:16:37.854923
12697106,18.94,64,75,MODE3,18.0,2026-06-04T12:16:42.848934
12702106,18.94,64,75,MODE3,18.0,2026-06-04T12:16:47.849128
12707106,18.94,64,75,MODE3,18.0,2026-06-04T12:16:52.851398
12712106,18.94,64,75,MODE3,18.0,2026-06-04T12:16:57.847311
12717106,18.94,64,75,MODE3,18.0,2026-06-04T12:17:02.847006
12722106,18.94,64,75,MODE3,18.0,2026-06-04T12:17:07.854270
12727106,18.94,64,75,MODE3,18.0,2026-06-04T12:17:12.849470
12732106,18.87,64,80,MODE3,18.0,2026-06-04T12:17:17.850144
12737106,18.87,64,79,MODE3,18.0,2026-06-04T12:17:22.847860
12742106,18.87,64,79,MODE3,18.0,2026-06-04T12:17:27.847919
12747106,18.87,64,79,MODE3,18.0,2026-06-04T12:17:32.847797
12752106,18.87,64,79,MODE3,18.0,2026-06-04T12:17:37.858287
12757106,18.87,64,79,MODE3,18.0,2026-06-04T12:17:42.849543
12762106,18.87,64,78,MODE3,18.0,2026-06-04T12:17:47.848971
12767106,18.87,64,78,MODE3,18.0,2026-06-04T12:17:52.854413
12772106,18.87,64,78,MODE3,18.0,2026-06-04T12:17:57.857887
12777106,18.87,64,78,MODE3,18.0,2026-06-04T12:18:02.847338
12782106,18.87,64,77,MODE3,18.0,2026-06-04T12:18:07.848737
12787106,18.81,64,84,MODE3,18.0,2026-06-04T12:18:12.846051
12792106,18.81,64,83,MODE3,18.0,2026-06-04T12:18:17.846629
12797106,18.81,64,83,MODE3,18.0,2026-06-04T12:18:22.846667
12802106,18.81,64,83,MODE3,18.0,2026-06-04T12:18:27.850768
12807106,18.81,64,83,MODE3,18.0,2026-06-04T12:18:32.847470
12812106,18.81,64,83,MODE3,18.0,2026-06-04T12:18:37.845131
12817106,18.81,64,82,MODE3,18.0,2026-06-04T12:18:42.846061
12822106,18.81,64,82,MODE3,18.0,2026-06-04T12:18:47.846032
12827106,18.75,64,88,MODE3,18.0,2026-06-04T12:18:52.845836
12832106,18.81,64,82,MODE3,18.0,2026-06-04T12:18:57.845725
12837106,18.75,64,88,MODE3,18.0,2026-06-04T12:19:02.863095
12842106,18.75,64,88,MODE3,18.0,2026-06-04T12:19:07.851857
12847106,18.75,64,88,MODE3,18.0,2026-06-04T12:19:12.845920
12852106,18.75,64,88,MODE3,18.0,2026-06-04T12:19:17.845222
12857106,18.75,64,87,MODE3,18.0,2026-06-04T12:19:22.844847
12862106,18.75,64,87,MODE3,18.0,2026-06-04T12:19:27.845022
12867106,18.75,64,87,MODE3,18.0,2026-06-04T12:19:32.855825
12872106,18.75,64,87,MODE3,18.0,2026-06-04T12:19:37.844371
12877106,18.75,64,87,MODE3,18.0,2026-06-04T12:19:42.844420
12882106,18.75,64,86,MODE3,18.0,2026-06-04T12:19:47.844271
12887106,18.75,64,86,MODE3,18.0,2026-06-04T12:19:52.844686
12892106,18.69,64,92,MODE3,18.0,2026-06-04T12:19:57.849983
12897106,18.69,64,92,MODE3,18.0,2026-06-04T12:20:02.844352
12902106,18.69,64,92,MODE3,18.0,2026-06-04T12:20:07.842768
12907106,18.69,64,92,MODE3,18.0,2026-06-04T12:20:12.843610
12912106,18.69,64,92,MODE3,18.0,2026-06-04T12:20:17.843399
12917106,18.69,64,92,MODE3,18.0,2026-06-04T12:20:22.843670
12922106,18.69,64,91,MODE3,18.0,2026-06-04T12:20:27.847053
12927106,18.69,64,91,MODE3,18.0,2026-06-04T12:20:32.843608
12932106,18.69,64,91,MODE3,18.0,2026-06-04T12:20:37.843179
12937106,18.69,64,91,MODE3,18.0,2026-06-04T12:20:42.845292
12942106,18.62,64,97,MODE3,18.0,2026-06-04T12:20:47.841895
12947106,18.62,64,97,MODE3,18.0,2026-06-04T12:20:52.842746
12952106,18.62,64,97,MODE3,18.0,2026-06-04T12:20:57.843391
12957106,18.62,64,97,MODE3,18.0,2026-06-04T12:21:02.849128
12962106,18.62,64,97,MODE3,18.0,2026-06-04T12:21:07.851410
12967106,18.62,64,96,MODE3,18.0,2026-06-04T12:21:12.842488
12972106,18.62,64,96,MODE3,18.0,2026-06-04T12:21:17.842378
12977106,18.62,64,96,MODE3,18.0,2026-06-04T12:21:22.845592
12982106,18.62,64,96,MODE3,18.0,2026-06-04T12:21:27.848945
12987106,18.62,64,96,MODE3,18.0,2026-06-04T12:21:32.842750
12992106,18.62,64,96,MODE3,18.0,2026-06-04T12:21:37.841855
12997106,18.62,64,95,MODE3,18.0,2026-06-04T12:21:42.841623
13002106,18.62,64,95,MODE3,18.0,2026-06-04T12:21:47.841410
13007106,18.62,64,95,MODE3,18.0,2026-06-04T12:21:52.843680
13012106,18.56,64,101,MODE3,18.0,2026-06-04T12:21:57.841623
13017106,18.56,64,101,MODE3,18.0,2026-06-04T12:22:02.841457
13022106,18.56,64,101,MODE3,18.0,2026-06-04T12:22:07.841041
13027106,18.56,64,101,MODE3,18.0,2026-06-04T12:22:12.841151
13032106,18.56,64,101,MODE3,18.0,2026-06-04T12:22:17.844295
13037106,18.56,64,101,MODE3,18.0,2026-06-04T12:22:22.844434
13042106,18.56,64,101,MODE3,18.0,2026-06-04T12:22:27.840776
13047106,18.56,64,100,MODE3,18.0,2026-06-04T12:22:32.840835
13052106,18.56,64,100,MODE3,18.0,2026-06-04T12:22:37.850606
13057106,18.56,64,100,MODE3,18.0,2026-06-04T12:22:42.840309
13062106,18.56,64,100,MODE3,18.0,2026-06-04T12:22:47.840192
13067106,18.5,64,106,MODE3,18.0,2026-06-04T12:22:52.846373
13072106,18.5,64,106,MODE3,18.0,2026-06-04T12:22:57.839919
13077106,18.5,64,106,MODE3,18.0,2026-06-04T12:23:02.839916
13082106,18.5,64,106,MODE3,18.0,2026-06-04T12:23:07.840783
13087106,18.5,64,106,MODE3,18.0,2026-06-04T12:23:12.840254
13092106,18.5,64,106,MODE3,18.0,2026-06-04T12:23:17.856190
13097106,18.5,64,106,MODE3,18.0,2026-06-04T12:23:22.850250
13102106,18.5,64,105,MODE3,18.0,2026-06-04T12:23:27.839211
13107106,18.5,64,105,MODE3,18.0,2026-06-04T12:23:32.839312
13112106,18.5,64,105,MODE3,18.0,2026-06-04T12:23:37.839433
13117106,18.5,64,105,MODE3,18.0,2026-06-04T12:23:42.841432
13122106,18.5,64,105,MODE3,18.0,2026-06-04T12:23:47.841734
13127106,18.5,64,105,MODE3,18.0,2026-06-04T12:23:52.839390
13132106,18.5,64,105,MODE3,18.0,2026-06-04T12:23:57.838702
13137106,18.44,64,111,MODE3,18.0,2026-06-04T12:24:02.838347
13142106,18.44,64,111,MODE3,18.0,2026-06-04T12:24:07.841888
13147106,18.44,64,111,MODE3,18.0,2026-06-04T12:24:12.884580
13152106,18.44,64,111,MODE3,18.0,2026-06-04T12:24:17.840443
13157106,18.44,64,111,MODE3,18.0,2026-06-04T12:24:22.837759
13162106,18.44,64,111,MODE3,18.0,2026-06-04T12:24:27.839590
13167106,18.44,64,110,MODE3,18.0,2026-06-04T12:24:32.837664
13172106,18.44,64,110,MODE3,18.0,2026-06-04T12:24:37.837483
13177106,18.44,64,110,MODE3,18.0,2026-06-04T12:24:42.841127
13182106,18.44,64,110,MODE3,18.0,2026-06-04T12:24:47.839129
13187106,18.44,64,110,MODE3,18.0,2026-06-04T12:24:52.841642
13192106,18.44,64,110,MODE3,18.0,2026-06-04T12:24:57.838875
13197106,18.44,64,110,MODE3,18.0,2026-06-04T12:25:02.836214
13202106,18.44,64,110,MODE3,18.0,2026-06-04T12:25:07.836004
13207106,18.44,64,109,MODE3,18.0,2026-06-04T12:25:12.836087
13212106,18.37,64,116,MODE3,18.0,2026-06-04T12:25:17.840989
13217106,18.37,64,116,MODE3,18.0,2026-06-04T12:25:22.838285
13222106,18.37,64,116,MODE3,18.0,2026-06-04T12:25:27.836038
13227106,18.37,64,116,MODE3,18.0,2026-06-04T12:25:32.835053
13232106,18.37,64,115,MODE3,18.0,2026-06-04T12:25:37.835332
13237106,18.37,64,115,MODE3,18.0,2026-06-04T12:25:42.834985
13242106,18.37,64,115,MODE3,18.0,2026-06-04T12:25:47.836058
13247106,18.37,64,115,MODE3,18.0,2026-06-04T12:25:52.834865
13252106,18.37,64,115,MODE3,18.0,2026-06-04T12:25:57.835108
13257106,18.37,64,115,MODE3,18.0,2026-06-04T12:26:02.834204
13262106,18.37,64,115,MODE3,18.0,2026-06-04T12:26:07.834732
13267106,18.37,64,115,MODE3,18.0,2026-06-04T12:26:12.837873
13272106,18.37,64,115,MODE3,18.0,2026-06-04T12:26:17.835962
13277106,18.37,64,115,MODE3,18.0,2026-06-04T12:26:22.833935
13282106,18.37,64,115,MODE3,18.0,2026-06-04T12:26:27.832842
13287106,18.31,64,121,MODE3,18.0,2026-06-04T12:26:32.833538
13292106,18.37,64,114,MODE3,18.0,2026-06-04T12:26:37.839696
13297106,18.31,64,121,MODE3,18.0,2026-06-04T12:26:42.837194
13302106,18.31,64,121,MODE3,18.0,2026-06-04T12:26:47.833097
13307106,18.31,64,121,MODE3,18.0,2026-06-04T12:26:52.832951
13312106,18.31,64,121,MODE3,18.0,2026-06-04T12:26:57.832904
13317106,18.31,64,120,MODE3,18.0,2026-06-04T12:27:02.833044
13322106,18.31,64,120,MODE3,18.0,2026-06-04T12:27:07.832573
13327106,18.31,64,120,MODE3,18.0,2026-06-04T12:27:12.843478
13332106,18.31,64,120,MODE3,18.0,2026-06-04T12:27:17.832245
13337106,18.31,64,120,MODE3,18.0,2026-06-04T12:27:22.831935
13342106,18.31,64,120,MODE3,18.0,2026-06-04T12:27:27.832146
13347106,18.31,64,120,MODE3,18.0,2026-06-04T12:27:32.832661
13352106,18.31,64,120,MODE3,18.0,2026-06-04T12:27:37.831669
13357106,18.31,64,120,MODE3,18.0,2026-06-04T12:27:42.831267
13362106,18.31,64,120,MODE3,18.0,2026-06-04T12:27:47.831139
13367106,18.31,64,120,MODE3,18.0,2026-06-04T12:27:52.835585
13372106,18.31,64,120,MODE3,18.0,2026-06-04T12:27:57.838161
13377106,18.31,64,119,MODE3,18.0,2026-06-04T12:28:02.831009
13382106,18.31,64,119,MODE3,18.0,2026-06-04T12:28:07.833955
13387106,18.25,64,126,MODE3,18.0,2026-06-04T12:28:12.836425
13392106,18.25,64,126,MODE3,18.0,2026-06-04T12:28:17.830330
13397106,18.25,64,126,MODE3,18.0,2026-06-04T12:28:22.831076
13402106,18.25,64,126,MODE3,18.0,2026-06-04T12:28:27.830492
13407106,18.25,64,126,MODE3,18.0,2026-06-04T12:28:32.830577
13412106,18.25,64,125,MODE3,18.0,2026-06-04T12:28:37.831414
13417106,18.25,64,125,MODE3,18.0,2026-06-04T12:28:42.831560
13422106,18.25,64,125,MODE3,18.0,2026-06-04T12:28:47.829368
13427106,18.25,64,125,MODE3,18.0,2026-06-04T12:28:52.829731
13432106,18.25,64,125,MODE3,18.0,2026-06-04T12:28:57.829476
13437106,18.25,64,125,MODE3,18.0,2026-06-04T12:29:02.829486
13442106,18.25,64,125,MODE3,18.0,2026-06-04T12:29:07.835427
13447106,18.25,64,125,MODE3,18.0,2026-06-04T12:29:12.832820
13452106,18.25,64,125,MODE3,18.0,2026-06-04T12:29:17.828650
13457106,18.25,64,125,MODE3,18.0,2026-06-04T12:29:22.828924
13462106,18.25,64,125,MODE3,18.0,2026-06-04T12:29:27.828683
13467106,18.25,64,125,MODE3,18.0,2026-06-04T12:29:32.832281
13472106,18.25,64,125,MODE3,18.0,2026-06-04T12:29:37.828550
13477106,18.25,64,125,MODE3,18.0,2026-06-04T12:29:42.829508
13482106,18.25,64,125,MODE3,18.0,2026-06-04T12:29:47.929619
13487106,18.19,64,131,MODE3,18.0,2026-06-04T12:29:52.828207
13492106,18.19,64,131,MODE3,18.0,2026-06-04T12:29:57.833629
13497106,18.25,64,124,MODE3,18.0,2026-06-04T12:30:02.827347
13502106,18.19,64,131,MODE3,18.0,2026-06-04T12:30:07.827689
13507106,18.19,64,131,MODE3,18.0,2026-06-04T12:30:12.829231
13512106,18.19,64,131,MODE3,18.0,2026-06-04T12:30:17.826966
13517106,18.19,64,131,MODE3,18.0,2026-06-04T12:30:22.827477
13522106,18.19,64,131,MODE3,18.0,2026-06-04T12:30:27.827144
13527106,18.19,64,131,MODE3,18.0,2026-06-04T12:30:32.827863
13532106,18.19,64,131,MODE3,18.0,2026-06-04T12:30:37.826589
13537106,18.19,64,131,MODE3,18.0,2026-06-04T12:30:42.828736
13542106,18.19,64,130,MODE3,18.0,2026-06-04T12:30:47.826423
13547106,18.19,64,130,MODE3,18.0,2026-06-04T12:30:52.827022
13552106,18.19,64,130,MODE3,18.0,2026-06-04T12:30:57.826140
13557106,18.19,64,130,MODE3,18.0,2026-06-04T12:31:02.829675
13562106,18.19,64,130,MODE3,18.0,2026-06-04T12:31:07.826123
13567106,18.19,64,130,MODE3,18.0,2026-06-04T12:31:12.825950
13572106,18.19,64,130,MODE3,18.0,2026-06-04T12:31:17.825597
13577106,18.19,64,130,MODE3,18.0,2026-06-04T12:31:22.826272
13582106,18.19,64,130,MODE3,18.0,2026-06-04T12:31:27.825983
13587106,18.19,64,130,MODE3,18.0,2026-06-04T12:31:32.825612
13592106,18.19,64,130,MODE3,18.0,2026-06-04T12:31:37.825327
13597106,18.19,64,130,MODE3,18.0,2026-06-04T12:31:42.826702
13602106,18.19,64,130,MODE3,18.0,2026-06-04T12:31:47.825846
13607106,18.12,64,136,MODE3,18.0,2026-06-04T12:31:52.824880
13612106,18.19,64,130,MODE3,18.0,2026-06-04T12:31:57.825541
13617106,18.12,64,136,MODE3,18.0,2026-06-04T12:32:02.825078
13622106,18.19,64,130,MODE3,18.0,2026-06-04T12:32:07.824395
13627106,18.19,64,130,MODE3,18.0,2026-06-04T12:32:12.824710
13632106,18.12,64,136,MODE3,18.0,2026-06-04T12:32:17.825600
13637106,18.19,64,130,MODE3,18.0,2026-06-04T12:32:22.823710
13642106,18.19,64,130,MODE3,18.0,2026-06-04T12:32:27.824839
13647106,18.19,64,130,MODE3,18.0,2026-06-04T12:32:32.824179
13652106,18.19,64,129,MODE3,18.0,2026-06-04T12:32:37.823639
13657106,18.12,64,136,MODE3,18.0,2026-06-04T12:32:42.826350
13662106,18.12,64,136,MODE3,18.0,2026-06-04T12:32:47.823847
13667106,18.12,64,136,MODE3,18.0,2026-06-04T12:32:52.824108
13672106,18.12,64,136,MODE3,18.0,2026-06-04T12:32:57.824432
13677106,18.12,64,136,MODE3,18.0,2026-06-04T12:33:02.823124
13682106,18.12,64,136,MODE3,18.0,2026-06-04T12:33:07.823235
13687106,18.12,64,136,MODE3,18.0,2026-06-04T12:33:12.823204
13692106,18.12,64,136,MODE3,18.0,2026-06-04T12:33:17.822866
13697106,18.12,64,136,MODE3,18.0,2026-06-04T12:33:22.824734
13702106,18.12,64,136,MODE3,18.0,2026-06-04T12:33:27.822695
13707106,18.12,64,136,MODE3,18.0,2026-06-04T12:33:32.822727
13712106,18.12,64,136,MODE3,18.0,2026-06-04T12:33:37.822199
13717106,18.12,64,136,MODE3,18.0,2026-06-04T12:33:42.822025
13722106,18.12,64,136,MODE3,18.0,2026-06-04T12:33:47.822591
13727106,18.12,64,135,MODE3,18.0,2026-06-04T12:33:52.822586
13732106,18.12,64,135,MODE3,18.0,2026-06-04T12:33:57.822251
13737106,18.12,64,135,MODE3,18.0,2026-06-04T12:34:02.823678
13742106,18.12,64,135,MODE3,18.0,2026-06-04T12:34:07.821556
13747106,18.12,64,135,MODE3,18.0,2026-06-04T12:34:12.821422
13752106,18.12,64,135,MODE3,18.0,2026-06-04T12:34:17.821283
13757106,18.12,64,135,MODE3,18.0,2026-06-04T12:34:22.828023
13762106,18.12,64,135,MODE3,18.0,2026-06-04T12:34:27.822355
13767106,18.12,64,135,MODE3,18.0,2026-06-04T12:34:32.820958
13772106,18.12,64,135,MODE3,18.0,2026-06-04T12:34:37.821043
13777106,18.12,64,135,MODE3,18.0,2026-06-04T12:34:42.821275
13782106,18.12,64,135,MODE3,18.0,2026-06-04T12:34:47.819297
13787106,18.12,64,135,MODE3,18.0,2026-06-04T12:34:52.822592
13792106,18.12,64,135,MODE3,18.0,2026-06-04T12:34:57.820170
13797106,18.12,64,135,MODE3,18.0,2026-06-04T12:35:02.820993
13802106,18.06,64,142,MODE3,18.0,2026-06-04T12:35:07.820418
13807106,18.12,64,135,MODE3,18.0,2026-06-04T12:35:12.820111
13812106,18.12,64,135,MODE3,18.0,2026-06-04T12:35:17.820046
13817106,18.12,64,135,MODE3,18.0,2026-06-04T12:35:22.825032
13822106,18.12,64,135,MODE3,18.0,2026-06-04T12:35:27.820170
13827106,18.06,64,141,MODE3,18.0,2026-06-04T12:35:32.820037
13832106,18.06,64,141,MODE3,18.0,2026-06-04T12:35:37.821099
13837106,18.06,64,141,MODE3,18.0,2026-06-04T12:35:42.819914
13842106,18.06,64,141,MODE3,18.0,2026-06-04T12:35:47.820208
13847106,18.06,64,141,MODE3,18.0,2026-06-04T12:35:52.821067
13852106,18.06,64,141,MODE3,18.0,2026-06-04T12:35:57.822288
13857106,18.06,64,141,MODE3,18.0,2026-06-04T12:36:02.820808
13862106,18.06,64,141,MODE3,18.0,2026-06-04T12:36:07.818783
13867106,18.06,64,141,MODE3,18.0,2026-06-04T12:36:12.818584
13872106,18.06,64,141,MODE3,18.0,2026-06-04T12:36:17.818531
13877106,18.06,64,141,MODE3,18.0,2026-06-04T12:36:22.819058
13882106,18.06,64,141,MODE3,18.0,2026-06-04T12:36:27.818700
13887106,18.06,64,141,MODE3,18.0,2026-06-04T12:36:32.818393
13892106,18.06,64,141,MODE3,18.0,2026-06-04T12:36:37.818232
13897106,18.06,64,141,MODE3,18.0,2026-06-04T12:36:42.818720
13902106,18.06,64,141,MODE3,18.0,2026-06-04T12:36:47.818549
13907106,18.06,64,141,MODE3,18.0,2026-06-04T12:36:52.817782
13912106,18.06,64,141,MODE3,18.0,2026-06-04T12:36:57.822207
13917106,18.06,64,141,MODE3,18.0,2026-06-04T12:37:02.817605
13922106,18.06,64,141,MODE3,18.0,2026-06-04T12:37:07.818985
13927106,18.06,64,141,MODE3,18.0,2026-06-04T12:37:12.817364
13932106,18.06,64,141,MODE3,18.0,2026-06-04T12:37:17.817228
13937106,18.06,64,141,MODE3,18.0,2026-06-04T12:37:22.817313
13942106,18.06,64,141,MODE3,18.0,2026-06-04T12:37:27.817311
13947106,18.06,64,141,MODE3,18.0,2026-06-04T12:37:32.817794
13952106,18.06,64,141,MODE3,18.0,2026-06-04T12:37:37.818433
13957106,18.06,64,141,MODE3,18.0,2026-06-04T12:37:42.817002
13962106,18.06,64,141,MODE3,18.0,2026-06-04T12:37:47.816862
13967106,18.06,64,141,MODE3,18.0,2026-06-04T12:37:52.816440
13972106,18.06,64,141,MODE3,18.0,2026-06-04T12:37:57.816768
13977106,18.06,64,141,MODE3,18.0,2026-06-04T12:38:02.816595
13982106,18.06,64,141,MODE3,18.0,2026-06-04T12:38:07.816099
13987106,18.06,64,141,MODE3,18.0,2026-06-04T12:38:12.817499
13992106,18.06,64,141,MODE3,18.0,2026-06-04T12:38:17.818200
13997106,18.06,64,141,MODE3,18.0,2026-06-04T12:38:22.815637
14002106,18.06,64,141,MODE3,18.0,2026-06-04T12:38:27.815686
14007106,18.06,64,141,MODE3,18.0,2026-06-04T12:38:32.816396
14012106,18.06,64,141,MODE3,18.0,2026-06-04T12:38:37.815593
14017106,18.06,64,141,MODE3,18.0,2026-06-04T12:38:42.816646
14022106,18.06,64,141,MODE3,18.0,2026-06-04T12:38:47.815020
14027106,18.06,64,141,MODE3,18.0,2026-06-04T12:38:52.817165
14032106,18.06,64,141,MODE3,18.0,2026-06-04T12:38:57.814956
14037106,18.06,64,141,MODE3,18.0,2026-06-04T12:39:02.814752
14042106,18.06,64,141,MODE3,18.0,2026-06-04T12:39:07.814596
14047106,18.06,64,141,MODE3,18.0,2026-06-04T12:39:12.822915
14052106,18.06,64,141,MODE3,18.0,2026-06-04T12:39:17.815647
14057106,18.06,64,141,MODE3,18.0,2026-06-04T12:39:22.814453
14062106,18.06,64,141,MODE3,18.0,2026-06-04T12:39:27.814218
14067106,18.06,64,141,MODE3,18.0,2026-06-04T12:39:32.818316
14072106,18.06,64,141,MODE3,18.0,2026-06-04T12:39:37.815101
14077106,18.06,64,141,MODE3,18.0,2026-06-04T12:39:42.817168
14082106,18.06,64,141,MODE3,18.0,2026-06-04T12:39:47.813803
14087106,18.06,64,141,MODE3,18.0,2026-06-04T12:39:52.814435
14092106,18.06,64,141,MODE3,18.0,2026-06-04T12:39:57.813686
14097106,18.06,64,140,MODE3,18.0,2026-06-04T12:40:02.813977
14102106,18.06,64,140,MODE3,18.0,2026-06-04T12:40:07.813524
14107106,18.06,64,140,MODE3,18.0,2026-06-04T12:40:12.813376
14112106,18.06,64,140,MODE3,18.0,2026-06-04T12:40:17.813299
14117106,18.06,64,140,MODE3,18.0,2026-06-04T12:40:22.815953
14122106,18.06,64,140,MODE3,18.0,2026-06-04T12:40:27.812860
14127106,18.06,64,140,MODE3,18.0,2026-06-04T12:40:32.812997
14132106,18.06,64,140,MODE3,18.0,2026-06-04T12:40:37.813084
14137106,18.06,64,140,MODE3,18.0,2026-06-04T12:40:42.816844
14142106,18.06,64,140,MODE3,18.0,2026-06-04T12:40:47.812384
14147106,18.06,64,140,MODE3,18.0,2026-06-04T12:40:52.812568
14152106,18.0,64,147,MODE3,18.0,2026-06-04T12:40:57.821396
14157106,18.0,64,147,MODE3,18.0,2026-06-04T12:41:02.812222
14162106,18.06,64,140,MODE3,18.0,2026-06-04T12:41:07.817642
14167106,18.0,64,147,MODE3,18.0,2026-06-04T12:41:12.845828
14172106,18.0,64,147,MODE3,18.0,2026-06-04T12:41:17.811186
14177106,18.0,64,147,MODE3,18.0,2026-06-04T12:41:22.811227
14182106,18.0,64,147,MODE3,18.0,2026-06-04T12:41:27.815869
14187106,18.06,64,140,MODE3,18.0,2026-06-04T12:41:32.813927
14192106,18.0,64,147,MODE3,18.0,2026-06-04T12:41:37.811785
14197106,18.0,64,147,MODE3,18.0,2026-06-04T12:41:42.813702
14202106,18.06,64,140,MODE3,18.0,2026-06-04T12:41:47.812070
14207106,18.0,64,147,MODE3,18.0,2026-06-04T12:41:52.810267
14212106,18.0,64,147,MODE3,18.0,2026-06-04T12:41:57.810267
14217106,18.06,64,140,MODE3,18.0,2026-06-04T12:42:02.810152
14222106,18.0,64,147,MODE3,18.0,2026-06-04T12:42:07.808698
14227106,18.0,64,147,MODE3,18.0,2026-06-04T12:42:12.813667
14232106,18.0,64,147,MODE3,18.0,2026-06-04T12:42:17.809764
14237106,18.06,64,140,MODE3,18.0,2026-06-04T12:42:22.810010
14242106,18.0,64,147,MODE3,18.0,2026-06-04T12:42:27.809386
14247106,18.0,64,147,MODE3,18.0,2026-06-04T12:42:32.811027
14252106,18.0,64,147,MODE3,18.0,2026-06-04T12:42:37.811342
14257106,18.0,64,147,MODE3,18.0,2026-06-04T12:42:42.808923
14262106,18.0,64,147,MODE3,18.0,2026-06-04T12:42:47.808270
14267106,18.0,64,147,MODE3,18.0,2026-06-04T12:42:52.813044
14272106,18.0,64,147,MODE3,18.0,2026-06-04T12:42:57.888111
14277106,18.0,64,147,MODE3,18.0,2026-06-04T12:43:02.885416
14282106,18.0,64,147,MODE3,18.0,2026-06-04T12:43:07.809939
14287106,18.06,64,140,MODE3,18.0,2026-06-04T12:43:12.807518
14292106,18.0,64,147,MODE3,18.0,2026-06-04T12:43:17.808042
14297106,18.0,64,147,MODE3,18.0,2026-06-04T12:43:22.869498
14302106,18.0,64,147,MODE3,18.0,2026-06-04T12:43:27.810485
14307106,18.0,64,147,MODE3,18.0,2026-06-04T12:43:32.828224
14312106,18.0,64,147,MODE3,18.0,2026-06-04T12:43:37.807458
14317106,18.0,64,147,MODE3,18.0,2026-06-04T12:43:42.810633
14322106,18.0,64,147,MODE3,18.0,2026-06-04T12:43:47.809620
14327106,18.0,64,147,MODE3,18.0,2026-06-04T12:43:52.806645
14332106,18.0,64,147,MODE3,18.0,2026-06-04T12:43:57.806682
14337106,18.0,64,147,MODE3,18.0,2026-06-04T12:44:02.806518
14342106,18.0,64,147,MODE3,18.0,2026-06-04T12:44:07.806270
14347106,18.0,64,147,MODE3,18.0,2026-06-04T12:44:12.806132
14352106,18.0,64,147,MODE3,18.0,2026-06-04T12:44:17.809305
14357106,18.0,64,147,MODE3,18.0,2026-06-04T12:44:22.805570
14362106,18.0,64,147,MODE3,18.0,2026-06-04T12:44:27.805529
14367106,18.0,64,147,MODE3,18.0,2026-06-04T12:44:32.805144
14372106,18.0,64,147,MODE3,18.0,2026-06-04T12:44:37.805434
14377106,18.0,64,147,MODE3,18.0,2026-06-04T12:44:42.804735
14382106,18.0,64,147,MODE3,18.0,2026-06-04T12:44:47.807198
14387106,18.0,64,147,MODE3,18.0,2026-06-04T12:44:52.805201
14392106,18.0,64,147,MODE3,18.0,2026-06-04T12:44:57.809115
14397106,18.0,64,147,MODE3,18.0,2026-06-04T12:45:02.806742
14402106,18.0,64,147,MODE3,18.0,2026-06-04T12:45:07.804196
14407106,18.0,64,147,MODE3,18.0,2026-06-04T12:45:12.804088
14412106,18.0,64,147,MODE3,18.0,2026-06-04T12:45:17.803747
14417106,18.0,64,147,MODE3,18.0,2026-06-04T12:45:22.806078
14422106,18.0,64,147,MODE3,18.0,2026-06-04T12:45:27.804102
14427106,18.0,64,147,MODE3,18.0,2026-06-04T12:45:32.803300
14432106,18.0,64,147,MODE3,18.0,2026-06-04T12:45:37.839716
14437106,18.0,64,147,MODE3,18.0,2026-06-04T12:45:42.803046
14442106,18.0,64,147,MODE3,18.0,2026-06-04T12:45:47.806568
14447106,18.0,64,147,MODE3,18.0,2026-06-04T12:45:52.808535
14452106,18.0,64,147,MODE3,18.0,2026-06-04T12:45:57.802764
14457106,18.0,64,147,MODE3,18.0,2026-06-04T12:46:02.807657
14462106,18.0,64,147,MODE3,18.0,2026-06-04T12:46:07.802583
14467106,18.0,64,147,MODE3,18.0,2026-06-04T12:46:12.801256
14472106,18.0,64,147,MODE3,18.0,2026-06-04T12:46:17.802181
14477106,18.0,64,147,MODE3,18.0,2026-06-04T12:46:22.805358
14482106,18.0,64,147,MODE3,18.0,2026-06-04T12:46:27.807353
14487106,18.0,64,147,MODE3,18.0,2026-06-04T12:46:32.800096
14492106,18.0,64,147,MODE3,18.0,2026-06-04T12:46:37.809162
14497106,18.0,64,147,MODE3,18.0,2026-06-04T12:46:42.802473
14502106,18.0,64,147,MODE3,18.0,2026-06-04T12:46:47.803727
14507106,18.0,64,147,MODE3,18.0,2026-06-04T12:46:52.802463
14512106,18.0,64,147,MODE3,18.0,2026-06-04T12:46:57.802196
14517106,18.0,64,147,MODE3,18.0,2026-06-04T12:47:02.800917
14522106,18.0,64,147,MODE3,18.0,2026-06-04T12:47:07.807829
14527106,18.0,64,147,MODE3,18.0,2026-06-04T12:47:12.799244
14532106,18.0,64,147,MODE3,18.0,2026-06-04T12:47:17.805857
14537106,18.0,64,147,MODE3,18.0,2026-06-04T12:47:22.805636
14542106,18.0,64,147,MODE3,18.0,2026-06-04T12:47:27.802273
14547106,18.0,64,147,MODE3,18.0,2026-06-04T12:47:32.799860
14552106,18.0,64,147,MODE3,18.0,2026-06-04T12:47:37.799828
14557106,18.0,64,147,MODE3,18.0,2026-06-04T12:47:42.801675
14562106,18.0,64,147,MODE3,18.0,2026-06-04T12:47:47.799170
14567106,18.0,64,147,MODE3,18.0,2026-06-04T12:47:52.799573
14572106,18.0,64,147,MODE3,18.0,2026-06-04T12:47:57.799398
14577106,18.0,64,147,MODE3,18.0,2026-06-04T12:48:02.803205
